,n_estimators,colsample_bytree,max_depth,gamma,reg_lambda,subsample,MSE,MAE,R2
0,100.0,0.1,3.0,0.0,0.0,0.5,0.159074558736156,0.29624792142418815,0.6350254198911269
1,100.0,0.1,3.0,0.0,0.0,0.7,0.14833437552714782,0.2866442953652137,0.6600468453466183
2,100.0,0.1,3.0,0.0,0.0,0.9,0.14943531492330503,0.2875235753413611,0.6574229231670292
3,100.0,0.1,3.0,0.0,1.0,0.5,0.15516156654827346,0.2937561491461495,0.6442445053542329
4,100.0,0.1,3.0,0.0,1.0,0.7,0.15080519340661036,0.2891172714883691,0.6543448221195515
5,100.0,0.1,3.0,0.0,1.0,0.9,0.14929997206454004,0.2873062313144473,0.6578816773054582
6,100.0,0.1,3.0,0.0,10.0,0.5,0.14949172972893213,0.28832086493848486,0.657139710898365
7,100.0,0.1,3.0,0.0,10.0,0.7,0.14832377750047063,0.2866471670992846,0.6600070444790642
8,100.0,0.1,3.0,0.0,10.0,0.9,0.14345091420040074,0.2804152153909314,0.6712102727979671
9,100.0,0.1,3.0,1.0,0.0,0.5,0.15505354939585936,0.2934927729794027,0.6443691775834636
10,100.0,0.1,3.0,1.0,0.0,0.7,0.1485153210953098,0.28747475349859974,0.6596004518594961
11,100.0,0.1,3.0,1.0,0.0,0.9,0.14977003240495085,0.28820834628220354,0.6566941946166975
12,100.0,0.1,3.0,1.0,1.0,0.5,0.15249498857982757,0.291232106225396,0.6502252238006271
13,100.0,0.1,3.0,1.0,1.0,0.7,0.14953520118399327,0.28870206839506796,0.6572683546621334
14,100.0,0.1,3.0,1.0,1.0,0.9,0.14633954470300728,0.2858306394434683,0.6645611859414075
15,100.0,0.1,3.0,1.0,10.0,0.5,0.14879126940287968,0.28618068121041174,0.6588276967907161
16,100.0,0.1,3.0,1.0,10.0,0.7,0.14811339453759367,0.285434308617606,0.6605383545688828
17,100.0,0.1,3.0,1.0,10.0,0.9,0.1452649886351224,0.28275545698560156,0.667076429487395
18,100.0,0.1,3.0,10.0,0.0,0.5,0.18184791072811785,0.3239837508372664,0.5830924971189279
19,100.0,0.1,3.0,10.0,0.0,0.7,0.17773194104270368,0.3198007164533592,0.5925209234176191
20,100.0,0.1,3.0,10.0,0.0,0.9,0.17852451686081441,0.3202259575728489,0.5906585570553856
21,100.0,0.1,3.0,10.0,1.0,0.5,0.18265592015061424,0.3233700149861342,0.5810826644001763
22,100.0,0.1,3.0,10.0,1.0,0.7,0.1784787306128889,0.32034844014707986,0.5908004996457292
23,100.0,0.1,3.0,10.0,1.0,0.9,0.1772188273451128,0.31913911253381966,0.5936588711167853
24,100.0,0.1,3.0,10.0,10.0,0.5,0.1881386065202925,0.3256831443604299,0.5683780239365472
25,100.0,0.1,3.0,10.0,10.0,0.7,0.1833406665054179,0.32188691309139805,0.5794863033637334
26,100.0,0.1,3.0,10.0,10.0,0.9,0.18005170946599888,0.3193112134819446,0.5870268617225876
27,100.0,0.1,10.0,0.0,0.0,0.5,0.23898835316475875,0.37468177834343824,0.4518413769569305
28,100.0,0.1,10.0,0.0,0.0,0.7,0.2065786676928306,0.34662212029439593,0.5265368943632753
29,100.0,0.1,10.0,0.0,0.0,0.9,0.20187785257636856,0.3389700899375495,0.5374410491546392
30,100.0,0.1,10.0,0.0,1.0,0.5,0.19572151169277058,0.3360001590016909,0.5514116841052596
31,100.0,0.1,10.0,0.0,1.0,0.7,0.17518958499717924,0.314600983964631,0.5982964881027846
32,100.0,0.1,10.0,0.0,1.0,0.9,0.16877839826028604,0.3099346974245332,0.6127789907027777
33,100.0,0.1,10.0,0.0,10.0,0.5,0.17490037331440272,0.31348847637464,0.5987813956393239
34,100.0,0.1,10.0,0.0,10.0,0.7,0.16017458487057343,0.30011891588801687,0.6324857124008412
35,100.0,0.1,10.0,0.0,10.0,0.9,0.15631368686517183,0.2952500766922349,0.641609919705471
36,100.0,0.1,10.0,1.0,0.0,0.5,0.19385013368204856,0.33197248652630656,0.5553704869813758
37,100.0,0.1,10.0,1.0,0.0,0.7,0.1779592999150608,0.3195978494955717,0.5920168633961715
38,100.0,0.1,10.0,1.0,0.0,0.9,0.17094443713375723,0.31037423751059623,0.6083876742888491
39,100.0,0.1,10.0,1.0,1.0,0.5,0.1654708766875083,0.30572848002766007,0.6207092015291281
40,100.0,0.1,10.0,1.0,1.0,0.7,0.1589724371950433,0.2982610563459824,0.6354042297646713
41,100.0,0.1,10.0,1.0,1.0,0.9,0.15673673371262214,0.2952762888414724,0.6407124947145816
42,100.0,0.1,10.0,1.0,10.0,0.5,0.15514371499797802,0.2934887566612444,0.6442438950894356
43,100.0,0.1,10.0,1.0,10.0,0.7,0.15029229564012928,0.2891534412684236,0.6554788410322041
44,100.0,0.1,10.0,1.0,10.0,0.9,0.14751067987139513,0.28558761787068077,0.6618669035885907
45,100.0,0.1,10.0,10.0,0.0,0.5,0.1814349747205444,0.3230762760618318,0.58403277707445
46,100.0,0.1,10.0,10.0,0.0,0.7,0.17630029920980977,0.31808579810655224,0.5958830563884773
47,100.0,0.1,10.0,10.0,0.0,0.9,0.17756667275118182,0.3193992988985047,0.5928134109022568
48,100.0,0.1,10.0,10.0,1.0,0.5,0.18166879820850093,0.32271500479627,0.5833269962837239
49,100.0,0.1,10.0,10.0,1.0,0.7,0.17734740485127637,0.3192724983138321,0.5934554213673546
50,100.0,0.1,10.0,10.0,1.0,0.9,0.17673558997087568,0.3182565831472273,0.59476246473343
51,100.0,0.1,10.0,10.0,10.0,0.5,0.18678433643284179,0.32491289309671956,0.5716045063327365
52,100.0,0.1,10.0,10.0,10.0,0.7,0.18276362716300434,0.3217970232951421,0.5808602087811929
53,100.0,0.1,10.0,10.0,10.0,0.9,0.17996177311425385,0.3191794983442777,0.5872545186639815
54,100.0,0.1,50.0,0.0,0.0,0.5,0.28633253839654205,0.41412450888450153,0.343386874760795
55,100.0,0.1,50.0,0.0,0.0,0.7,0.25905802181338133,0.39073350134580764,0.4055403421155499
56,100.0,0.1,50.0,0.0,0.0,0.9,0.2532852825561666,0.38623727001862995,0.4192853100988378
57,100.0,0.1,50.0,0.0,1.0,0.5,0.20673516518887491,0.34896829170941035,0.5259543005106707
58,100.0,0.1,50.0,0.0,1.0,0.7,0.19312997723135392,0.33280733265755497,0.557127652732878
59,100.0,0.1,50.0,0.0,1.0,0.9,0.19181234935354102,0.33116480458111497,0.5601740309255913
60,100.0,0.1,50.0,0.0,10.0,0.5,0.17249582811522698,0.31243692451106775,0.6044007096530468
61,100.0,0.1,50.0,0.0,10.0,0.7,0.16472403807257868,0.30445301539704317,0.6219934565480084
62,100.0,0.1,50.0,0.0,10.0,0.9,0.1588722234654587,0.29854828368519704,0.6356841776946078
63,100.0,0.1,50.0,1.0,0.0,0.5,0.20296246525363948,0.3425471987448535,0.5343987767012239
64,100.0,0.1,50.0,1.0,0.0,0.7,0.18582474397220172,0.32657272917323377,0.5738457875680711
65,100.0,0.1,50.0,1.0,0.0,0.9,0.18851806594976336,0.3303907514701969,0.5680543289406663
66,100.0,0.1,50.0,1.0,1.0,0.5,0.16777837197583045,0.307265681715209,0.6154893038487472
67,100.0,0.1,50.0,1.0,1.0,0.7,0.16265682844306523,0.30186671837917994,0.6268043510365965
68,100.0,0.1,50.0,1.0,1.0,0.9,0.1629286958688688,0.30202736508759065,0.6265098225297544
69,100.0,0.1,50.0,1.0,10.0,0.5,0.1546368153929675,0.2953714494431637,0.6453862492044286
70,100.0,0.1,50.0,1.0,10.0,0.7,0.1504215115728716,0.2896084267992668,0.655147387281575
71,100.0,0.1,50.0,1.0,10.0,0.9,0.14686076444341672,0.2855243187593051,0.6633741960841754
72,100.0,0.1,50.0,10.0,0.0,0.5,0.1814349747205444,0.3230762760618318,0.58403277707445
73,100.0,0.1,50.0,10.0,0.0,0.7,0.17630029920980977,0.31808579810655224,0.5958830563884773
74,100.0,0.1,50.0,10.0,0.0,0.9,0.17756667275118182,0.3193992988985047,0.5928134109022568
75,100.0,0.1,50.0,10.0,1.0,0.5,0.18166879820850093,0.32271500479627,0.5833269962837239
76,100.0,0.1,50.0,10.0,1.0,0.7,0.17734740485127637,0.3192724983138321,0.5934554213673546
77,100.0,0.1,50.0,10.0,1.0,0.9,0.17673558997087568,0.3182565831472273,0.59476246473343
78,100.0,0.1,50.0,10.0,10.0,0.5,0.18678433643284179,0.32491289309671956,0.5716045063327365
79,100.0,0.1,50.0,10.0,10.0,0.7,0.18276362716300434,0.3217970232951421,0.5808602087811929
80,100.0,0.1,50.0,10.0,10.0,0.9,0.17996177311425385,0.3191794983442777,0.5872545186639815
81,100.0,0.5,3.0,0.0,0.0,0.5,0.15398332197402634,0.2907869023096282,0.6470988569228413
82,100.0,0.5,3.0,0.0,0.0,0.7,0.14842326877449502,0.28620816480037903,0.6598142659359615
83,100.0,0.5,3.0,0.0,0.0,0.9,0.1442111733334647,0.28070479258681663,0.6694655499517367
84,100.0,0.5,3.0,0.0,1.0,0.5,0.15153007176947192,0.2880260397435917,0.6526238943551302
85,100.0,0.5,3.0,0.0,1.0,0.7,0.1445864058465936,0.28269124601217627,0.6685184120032807
86,100.0,0.5,3.0,0.0,1.0,0.9,0.14169435531505334,0.2787392663354472,0.6752525651074414
87,100.0,0.5,3.0,0.0,10.0,0.5,0.14817910322519987,0.2850605969988254,0.6601856703387469
88,100.0,0.5,3.0,0.0,10.0,0.7,0.14331581560638662,0.27828602224054655,0.6714343287918231
89,100.0,0.5,3.0,0.0,10.0,0.9,0.13986856030742384,0.27747478622888083,0.6793160547221456
90,100.0,0.5,3.0,1.0,0.0,0.5,0.15191396128377657,0.28891440540384444,0.6517261349806426
91,100.0,0.5,3.0,1.0,0.0,0.7,0.14673902104352318,0.283086689185274,0.6636621178923053
92,100.0,0.5,3.0,1.0,0.0,0.9,0.14406368557830165,0.2808342928661115,0.6697583605683951
93,100.0,0.5,3.0,1.0,1.0,0.5,0.14847139440861784,0.2867691701334506,0.6597103956717861
94,100.0,0.5,3.0,1.0,1.0,0.7,0.1438153674145351,0.2814960043177443,0.6702612355981434
95,100.0,0.5,3.0,1.0,1.0,0.9,0.14090233168447255,0.2783375497360911,0.6769820649139479
96,100.0,0.5,3.0,1.0,10.0,0.5,0.14493832786137562,0.28244428436045627,0.6678537042408119
97,100.0,0.5,3.0,1.0,10.0,0.7,0.14273070617924274,0.2796934364216579,0.672780536891957
98,100.0,0.5,3.0,1.0,10.0,0.9,0.13967775354713002,0.27599273482199294,0.6797683941144946
99,100.0,0.5,3.0,10.0,0.0,0.5,0.1725374067937539,0.3162868113464334,0.6045121307115764
100,100.0,0.5,3.0,10.0,0.0,0.7,0.16809711018717727,0.3111181283330492,0.6144554651975473
101,100.0,0.5,3.0,10.0,0.0,0.9,0.16820504829557553,0.31093235765215754,0.6143407477414379
102,100.0,0.5,3.0,10.0,1.0,0.5,0.17150349927532416,0.31436135917514063,0.606774992550292
103,100.0,0.5,3.0,10.0,1.0,0.7,0.16803327714445265,0.31091792423654263,0.6146110649925094
104,100.0,0.5,3.0,10.0,1.0,0.9,0.1677234349265227,0.31014207214899214,0.6153618894003692
105,100.0,0.5,3.0,10.0,10.0,0.5,0.17339316292103096,0.3150500496748102,0.6023356996611271
106,100.0,0.5,3.0,10.0,10.0,0.7,0.1696121189737461,0.3122443220660681,0.6111025374737336
107,100.0,0.5,3.0,10.0,10.0,0.9,0.16838599876822777,0.3107040929030397,0.6138312448762135
108,100.0,0.5,10.0,0.0,0.0,0.5,0.1954058612325023,0.3344008710814182,0.5519774330413437
109,100.0,0.5,10.0,0.0,0.0,0.7,0.16936878274690242,0.3069230788748344,0.6118647152648075
110,100.0,0.5,10.0,0.0,0.0,0.9,0.1579350816199182,0.29644741597033686,0.6379962650928654
111,100.0,0.5,10.0,0.0,1.0,0.5,0.17901281352971593,0.3188785493241732,0.5894354198702162
112,100.0,0.5,10.0,0.0,1.0,0.7,0.1656229871365725,0.305032311805293,0.6203383605590115
113,100.0,0.5,10.0,0.0,1.0,0.9,0.16093521386727305,0.29887820412268506,0.631109642831911
114,100.0,0.5,10.0,0.0,10.0,0.5,0.17011141926280046,0.3063910280681724,0.6099191380412042
115,100.0,0.5,10.0,0.0,10.0,0.7,0.15922299401188666,0.2933930271040676,0.634912628847099
116,100.0,0.5,10.0,0.0,10.0,0.9,0.15311401956206844,0.28965934279411704,0.6489177501536177
117,100.0,0.5,10.0,1.0,0.0,0.5,0.1666101956915585,0.30471580469409604,0.6178709091445349
118,100.0,0.5,10.0,1.0,0.0,0.7,0.1559079665297997,0.2936040360595983,0.6425064575764244
119,100.0,0.5,10.0,1.0,0.0,0.9,0.15030256676832687,0.2879091538489992,0.6555241065501816
120,100.0,0.5,10.0,1.0,1.0,0.5,0.1601265427061751,0.3001253262049617,0.6330709583355968
121,100.0,0.5,10.0,1.0,1.0,0.7,0.15170072558881253,0.29018667787051927,0.6524234787199756
122,100.0,0.5,10.0,1.0,1.0,0.9,0.14664884247177185,0.2847288686141831,0.6638875303138488
123,100.0,0.5,10.0,1.0,10.0,0.5,0.15164575768290028,0.2897166225705526,0.6521396017816677
124,100.0,0.5,10.0,1.0,10.0,0.7,0.1487854371635029,0.28539218729504456,0.6588365469147577
125,100.0,0.5,10.0,1.0,10.0,0.9,0.1445811124504804,0.2825862753281932,0.6685129105010965
126,100.0,0.5,10.0,10.0,0.0,0.5,0.1724191427433822,0.3156223642606709,0.6047097915563179
127,100.0,0.5,10.0,10.0,0.0,0.7,0.16869408564994354,0.3118032690247723,0.6132234130408662
128,100.0,0.5,10.0,10.0,0.0,0.9,0.16709964298354932,0.30993260032907355,0.6167650926901664
129,100.0,0.5,10.0,10.0,1.0,0.5,0.1712446211749265,0.31438184106830447,0.6073778913629931
130,100.0,0.5,10.0,10.0,1.0,0.7,0.17004420704443432,0.31284364450230495,0.6099271855888844
131,100.0,0.5,10.0,10.0,1.0,0.9,0.16730942761841944,0.30963317070116025,0.6163846693591197
132,100.0,0.5,10.0,10.0,10.0,0.5,0.17368248181535467,0.315422526517943,0.6016737503450587
133,100.0,0.5,10.0,10.0,10.0,0.7,0.1698006551179178,0.3119597623950588,0.6106130445811498
134,100.0,0.5,10.0,10.0,10.0,0.9,0.16858892513090487,0.31090244245619275,0.6134342679745568
135,100.0,0.5,50.0,0.0,0.0,0.5,0.20428489199572178,0.3410654285519277,0.5315916831703209
136,100.0,0.5,50.0,0.0,0.0,0.7,0.1825137726977796,0.3204670092923613,0.581369765191277
137,100.0,0.5,50.0,0.0,0.0,0.9,0.1682806744809539,0.3068089041640856,0.6141590555980089
138,100.0,0.5,50.0,0.0,1.0,0.5,0.1902331131614605,0.3288961435073433,0.563804822807591
139,100.0,0.5,50.0,0.0,1.0,0.7,0.1752708810849057,0.3128450378808024,0.5982957956442755
140,100.0,0.5,50.0,0.0,1.0,0.9,0.16658429392594395,0.30657641029323396,0.6183101459377769
141,100.0,0.5,50.0,0.0,10.0,0.5,0.16716476223546123,0.3062939585973375,0.6164882255710766
142,100.0,0.5,50.0,0.0,10.0,0.7,0.16175222421908522,0.2990522307599391,0.6289608418209602
143,100.0,0.5,50.0,0.0,10.0,0.9,0.1614363918726686,0.2974790068034385,0.6297495417131745
144,100.0,0.5,50.0,1.0,0.0,0.5,0.16620729408461696,0.306155966734441,0.6190763193000411
145,100.0,0.5,50.0,1.0,0.0,0.7,0.15300516625387425,0.29301778314021776,0.6491421879980841
146,100.0,0.5,50.0,1.0,0.0,0.9,0.15246758773318472,0.29056730853334684,0.6504153676922932
147,100.0,0.5,50.0,1.0,1.0,0.5,0.16053359677537515,0.29978698433912965,0.6318811545822676
148,100.0,0.5,50.0,1.0,1.0,0.7,0.15161374646960268,0.29112654080867,0.6525652397346844
149,100.0,0.5,50.0,1.0,1.0,0.9,0.1502804262145245,0.28802770162655705,0.6557022409204758
150,100.0,0.5,50.0,1.0,10.0,0.5,0.15199447165349753,0.29100453377611424,0.6514222808727499
151,100.0,0.5,50.0,1.0,10.0,0.7,0.14829838732156778,0.28529360321528513,0.6597867708276828
152,100.0,0.5,50.0,1.0,10.0,0.9,0.14631431253239408,0.28246305644064645,0.6646915049152782
153,100.0,0.5,50.0,10.0,0.0,0.5,0.1724191427433822,0.3156223642606709,0.6047097915563179
154,100.0,0.5,50.0,10.0,0.0,0.7,0.16869408564994354,0.3118032690247723,0.6132234130408662
155,100.0,0.5,50.0,10.0,0.0,0.9,0.16709964298354932,0.30993260032907355,0.6167650926901664
156,100.0,0.5,50.0,10.0,1.0,0.5,0.1712446211749265,0.31438184106830447,0.6073778913629931
157,100.0,0.5,50.0,10.0,1.0,0.7,0.17004420704443432,0.31284364450230495,0.6099271855888844
158,100.0,0.5,50.0,10.0,1.0,0.9,0.16730942761841944,0.30963317070116025,0.6163846693591197
159,100.0,0.5,50.0,10.0,10.0,0.5,0.17368248181535467,0.315422526517943,0.6016737503450587
160,100.0,0.5,50.0,10.0,10.0,0.7,0.1698006551179178,0.3119597623950588,0.6106130445811498
161,100.0,0.5,50.0,10.0,10.0,0.9,0.16858892513090487,0.31090244245619275,0.6134342679745568
162,100.0,0.9,3.0,0.0,0.0,0.5,0.15647488154064837,0.29247927445217414,0.6411540860644853
163,100.0,0.9,3.0,0.0,0.0,0.7,0.15024285403394755,0.2859484992991704,0.6553889096085828
164,100.0,0.9,3.0,0.0,0.0,0.9,0.14523019361083925,0.28175649333893127,0.666984753370927
165,100.0,0.9,3.0,0.0,1.0,0.5,0.1533209229535106,0.28959633237728444,0.6484569712691373
166,100.0,0.9,3.0,0.0,1.0,0.7,0.14644177839348005,0.28506298027402444,0.6642413328973722
167,100.0,0.9,3.0,0.0,1.0,0.9,0.14434239780299213,0.2814583091086649,0.6690796936324434
168,100.0,0.9,3.0,0.0,10.0,0.5,0.15026219947824243,0.2863414027039223,0.6556050018897867
169,100.0,0.9,3.0,0.0,10.0,0.7,0.1464328079400245,0.28308589096207426,0.6643982995039228
170,100.0,0.9,3.0,0.0,10.0,0.9,0.14273201244032083,0.2788428595795072,0.6727623460774091
171,100.0,0.9,3.0,1.0,0.0,0.5,0.15160701181782807,0.29005087019316,0.6526208720892324
172,100.0,0.9,3.0,1.0,0.0,0.7,0.14564722517277104,0.28309589209314323,0.666148573108944
173,100.0,0.9,3.0,1.0,0.0,0.9,0.14387072703146614,0.2805308707441925,0.6702164283178634
174,100.0,0.9,3.0,1.0,1.0,0.5,0.14986591512983966,0.2869235509668769,0.6563755324414925
175,100.0,0.9,3.0,1.0,1.0,0.7,0.14508060276727314,0.28335242036378816,0.6675172248980299
176,100.0,0.9,3.0,1.0,1.0,0.9,0.14351344429397514,0.2806663649321853,0.670961908650658
177,100.0,0.9,3.0,1.0,10.0,0.5,0.14638264700538878,0.2838922704623127,0.6643579055950941
178,100.0,0.9,3.0,1.0,10.0,0.7,0.14409073219132756,0.2809434438592205,0.6697009650789065
179,100.0,0.9,3.0,1.0,10.0,0.9,0.14195900367833492,0.27816227222622664,0.6745566763839204
180,100.0,0.9,3.0,10.0,0.0,0.5,0.1720102850166537,0.3159549434669561,0.6055137131856773
181,100.0,0.9,3.0,10.0,0.0,0.7,0.16986589624432216,0.3132928848336612,0.6104959704601262
182,100.0,0.9,3.0,10.0,0.0,0.9,0.1654722978313293,0.3076799497756363,0.6205296964187209
183,100.0,0.9,3.0,10.0,1.0,0.5,0.1742911339541919,0.3178356620967572,0.6004124106140288
184,100.0,0.9,3.0,10.0,1.0,0.7,0.1688652344634518,0.31153108002471275,0.6127982308798383
185,100.0,0.9,3.0,10.0,1.0,0.9,0.16744865980477738,0.31053750887925735,0.6160451714075018
186,100.0,0.9,3.0,10.0,10.0,0.5,0.17568563913781796,0.31694436571437706,0.5970569371836335
187,100.0,0.9,3.0,10.0,10.0,0.7,0.1698805745503069,0.3126012265184405,0.6104170638615825
188,100.0,0.9,3.0,10.0,10.0,0.9,0.16893259304804595,0.3109439035613015,0.6125662225135865
189,100.0,0.9,10.0,0.0,0.0,0.5,0.19738059976893862,0.3327121167814092,0.5475934278169351
190,100.0,0.9,10.0,0.0,0.0,0.7,0.17584873316995334,0.3106295248654817,0.596684388204452
191,100.0,0.9,10.0,0.0,0.0,0.9,0.16893768576710194,0.3013888116265466,0.6125524341448692
192,100.0,0.9,10.0,0.0,1.0,0.5,0.18779506371188856,0.32649538361666597,0.5693265886398262
193,100.0,0.9,10.0,0.0,1.0,0.7,0.1683619822090595,0.3056778017312931,0.6139081108899267
194,100.0,0.9,10.0,0.0,1.0,0.9,0.16117062394144377,0.29690842929699063,0.6306246640743763
195,100.0,0.9,10.0,0.0,10.0,0.5,0.16669944313892068,0.3048645153477907,0.6175243074162522
196,100.0,0.9,10.0,0.0,10.0,0.7,0.16054755842435686,0.2960700192445088,0.631841987783064
197,100.0,0.9,10.0,0.0,10.0,0.9,0.1520271395865027,0.2862371564010578,0.6512957986764134
198,100.0,0.9,10.0,1.0,0.0,0.5,0.16799754780366719,0.30427227182120214,0.614872353623943
199,100.0,0.9,10.0,1.0,0.0,0.7,0.15470993158179103,0.2928724720688984,0.6453696325765499
200,100.0,0.9,10.0,1.0,0.0,0.9,0.15413110082130416,0.29016437512325177,0.6465084506187267
201,100.0,0.9,10.0,1.0,1.0,0.5,0.16005557317708347,0.2988894508288409,0.6329892893329185
202,100.0,0.9,10.0,1.0,1.0,0.7,0.15037021097054692,0.2880275947022163,0.6553809845220178
203,100.0,0.9,10.0,1.0,1.0,0.9,0.14750306087838788,0.2841255117501328,0.661898669509647
204,100.0,0.9,10.0,1.0,10.0,0.5,0.15554163451303707,0.2928544289904921,0.6434209187348635
205,100.0,0.9,10.0,1.0,10.0,0.7,0.14915980074638466,0.2859263746943252,0.65802225489965
206,100.0,0.9,10.0,1.0,10.0,0.9,0.14491082133109015,0.28102552819946347,0.667894277022915
207,100.0,0.9,10.0,10.0,0.0,0.5,0.17263353511557733,0.31604784406052966,0.6042042574754163
208,100.0,0.9,10.0,10.0,0.0,0.7,0.1693729419814129,0.3131785495199212,0.6115575770581001
209,100.0,0.9,10.0,10.0,0.0,0.9,0.1660434414505693,0.30930573935954453,0.6192859949341438
210,100.0,0.9,10.0,10.0,1.0,0.5,0.1740478784160266,0.31741638360698626,0.6009528191083238
211,100.0,0.9,10.0,10.0,1.0,0.7,0.1684061342893434,0.3110247842393092,0.6138669356771824
212,100.0,0.9,10.0,10.0,1.0,0.9,0.16819636506423646,0.3108046881085596,0.6142514932248588
213,100.0,0.9,10.0,10.0,10.0,0.5,0.17631548739415476,0.3175753793388768,0.5956484415991172
214,100.0,0.9,10.0,10.0,10.0,0.7,0.1703424601742727,0.31330498826232045,0.6093963429853466
215,100.0,0.9,10.0,10.0,10.0,0.9,0.16901667324521577,0.31116433369501384,0.612398378132424
216,100.0,0.9,50.0,0.0,0.0,0.5,0.21059677844042873,0.3439689824499002,0.5171632916636693
217,100.0,0.9,50.0,0.0,0.0,0.7,0.18608453962039187,0.3195278189101744,0.5733101775608962
218,100.0,0.9,50.0,0.0,0.0,0.9,0.17896909525705293,0.3120467283768868,0.5893084826296893
219,100.0,0.9,50.0,0.0,1.0,0.5,0.19893170105002694,0.33354985020646877,0.5441317732627505
220,100.0,0.9,50.0,0.0,1.0,0.7,0.17268467192440823,0.31196929418489183,0.6041217483434057
221,100.0,0.9,50.0,0.0,1.0,0.9,0.16962221413751888,0.30706153837877526,0.6108823847958705
222,100.0,0.9,50.0,0.0,10.0,0.5,0.18149428020937264,0.31710428860491924,0.5836251406018419
223,100.0,0.9,50.0,0.0,10.0,0.7,0.17044111566458955,0.30698259310725096,0.6089819899566189
224,100.0,0.9,50.0,0.0,10.0,0.9,0.1672233626515986,0.3031397575639432,0.6162550323397966
225,100.0,0.9,50.0,1.0,0.0,0.5,0.17176431311223456,0.3104183399670662,0.606176498727616
226,100.0,0.9,50.0,1.0,0.0,0.7,0.15949011047043873,0.2957640482361182,0.6341893307587139
227,100.0,0.9,50.0,1.0,0.0,0.9,0.1566141691825857,0.29367755615444563,0.6408340837902428
228,100.0,0.9,50.0,1.0,1.0,0.5,0.16287220713833944,0.29959003652127214,0.6266539007134291
229,100.0,0.9,50.0,1.0,1.0,0.7,0.15529543282004105,0.29286866917009097,0.6443117593071573
230,100.0,0.9,50.0,1.0,1.0,0.9,0.14902825501878367,0.2874806315316091,0.6582948809845163
231,100.0,0.9,50.0,1.0,10.0,0.5,0.15405048524637918,0.2908034802446381,0.6471650452799872
232,100.0,0.9,50.0,1.0,10.0,0.7,0.1475384392660079,0.28510707626824877,0.6617506430541951
233,100.0,0.9,50.0,1.0,10.0,0.9,0.14593266486785275,0.2834430682222731,0.6656050810814976
234,100.0,0.9,50.0,10.0,0.0,0.5,0.17263353511557733,0.31604784406052966,0.6042042574754163
235,100.0,0.9,50.0,10.0,0.0,0.7,0.1693729419814129,0.3131785495199212,0.6115575770581001
236,100.0,0.9,50.0,10.0,0.0,0.9,0.1660434414505693,0.30930573935954453,0.6192859949341438
237,100.0,0.9,50.0,10.0,1.0,0.5,0.1740478784160266,0.31741638360698626,0.6009528191083238
238,100.0,0.9,50.0,10.0,1.0,0.7,0.1684061342893434,0.3110247842393092,0.6138669356771824
239,100.0,0.9,50.0,10.0,1.0,0.9,0.16819636506423646,0.3108046881085596,0.6142514932248588
240,100.0,0.9,50.0,10.0,10.0,0.5,0.17631548739415476,0.3175753793388768,0.5956484415991172
241,100.0,0.9,50.0,10.0,10.0,0.7,0.1703424601742727,0.31330498826232045,0.6093963429853466
242,100.0,0.9,50.0,10.0,10.0,0.9,0.16901667324521577,0.31116433369501384,0.612398378132424
243,250.0,0.1,3.0,0.0,0.0,0.5,0.17022522281769012,0.30838420062943006,0.6093821771743555
244,250.0,0.1,3.0,0.0,0.0,0.7,0.1563329116262562,0.2952815149365814,0.6416024189272258
245,250.0,0.1,3.0,0.0,0.0,0.9,0.15354478817046308,0.29159028154451205,0.6477649178635738
246,250.0,0.1,3.0,0.0,1.0,0.5,0.1625103506735533,0.302633719663298,0.6271747840460715
247,250.0,0.1,3.0,0.0,1.0,0.7,0.15573073848481758,0.2930002849915537,0.6429566293171233
248,250.0,0.1,3.0,0.0,1.0,0.9,0.15044382409547902,0.28818225443441803,0.6550427503770297
249,250.0,0.1,3.0,0.0,10.0,0.5,0.1547415904062956,0.29396536781434834,0.6451418524208101
250,250.0,0.1,3.0,0.0,10.0,0.7,0.15027582144742294,0.2878114433945085,0.6555281106718805
251,250.0,0.1,3.0,0.0,10.0,0.9,0.1456937348270429,0.2815193998595148,0.665984061476685
252,250.0,0.1,3.0,1.0,0.0,0.5,0.1560647839594122,0.29423391147749545,0.6420338899819656
253,250.0,0.1,3.0,1.0,0.0,0.7,0.14887230755501604,0.28721147751671866,0.6587784499189698
254,250.0,0.1,3.0,1.0,0.0,0.9,0.14874105586208458,0.28698223152938,0.6589781443985656
255,250.0,0.1,3.0,1.0,1.0,0.5,0.152968922642359,0.29176260536966175,0.6491774619450149
256,250.0,0.1,3.0,1.0,1.0,0.7,0.1492425053465053,0.28778047512832844,0.6578468688754728
257,250.0,0.1,3.0,1.0,1.0,0.9,0.14524635911480704,0.28395716379353864,0.6670341709380023
258,250.0,0.1,3.0,1.0,10.0,0.5,0.1481103971851448,0.28646424683858857,0.660440369851026
259,250.0,0.1,3.0,1.0,10.0,0.7,0.14677275339190685,0.28369766966516,0.6636208227040188
260,250.0,0.1,3.0,1.0,10.0,0.9,0.14404030598373357,0.280549616626104,0.6699398142082398
261,250.0,0.1,3.0,10.0,0.0,0.5,0.18075543365441776,0.3231590805997288,0.5856071047001808
262,250.0,0.1,3.0,10.0,0.0,0.7,0.17652114170577188,0.3185306014150353,0.5953189963795765
263,250.0,0.1,3.0,10.0,0.0,0.9,0.1765146396394322,0.31871600731500604,0.5953554306004608
264,250.0,0.1,3.0,10.0,1.0,0.5,0.1817699131909713,0.32250131400614807,0.5831729297868702
265,250.0,0.1,3.0,10.0,1.0,0.7,0.17658016634009305,0.3186951126683765,0.5951456598486751
266,250.0,0.1,3.0,10.0,1.0,0.9,0.17517590834901553,0.31740629548402605,0.5982722647561811
267,250.0,0.1,3.0,10.0,10.0,0.5,0.18762910527269844,0.3251677592128237,0.5695821131563057
268,250.0,0.1,3.0,10.0,10.0,0.7,0.1821516602285776,0.3209712331251345,0.5821973704206901
269,250.0,0.1,3.0,10.0,10.0,0.9,0.17948037091755656,0.31897418532274086,0.5883330848425591
270,250.0,0.1,10.0,0.0,0.0,0.5,0.23897625583556045,0.37469122885010087,0.4518816716602595
271,250.0,0.1,10.0,0.0,0.0,0.7,0.20647110780761388,0.3465499064259665,0.5267775347369174
272,250.0,0.1,10.0,0.0,0.0,0.9,0.2018455212767301,0.33891763668725433,0.5375157177338883
273,250.0,0.1,10.0,0.0,1.0,0.5,0.19564109780117817,0.3359266274461566,0.5515873013319699
274,250.0,0.1,10.0,0.0,1.0,0.7,0.17512304297318876,0.3144982189316017,0.5984547304858195
275,250.0,0.1,10.0,0.0,1.0,0.9,0.1687992992637693,0.30997407041390074,0.6127313047989116
276,250.0,0.1,10.0,0.0,10.0,0.5,0.17507285493292532,0.31352633810609404,0.5984207459611228
277,250.0,0.1,10.0,0.0,10.0,0.7,0.16000466163625893,0.30011858752634757,0.6328810794474548
278,250.0,0.1,10.0,0.0,10.0,0.9,0.15642618095274374,0.2954959989502043,0.6413502064342869
279,250.0,0.1,10.0,1.0,0.0,0.5,0.19538894723061054,0.33260758686251946,0.5517703947096155
280,250.0,0.1,10.0,1.0,0.0,0.7,0.17874143999720699,0.31983977379959494,0.5902204499424083
281,250.0,0.1,10.0,1.0,0.0,0.9,0.16957594792326464,0.30890505421046316,0.6114926843581461
282,250.0,0.1,10.0,1.0,1.0,0.5,0.16675959431459336,0.30619763933205035,0.6177485958170275
283,250.0,0.1,10.0,1.0,1.0,0.7,0.15859031413177388,0.2976468220376097,0.6362764546901384
284,250.0,0.1,10.0,1.0,1.0,0.9,0.15637798489565347,0.2945975045159508,0.6415682708770291
285,250.0,0.1,10.0,1.0,10.0,0.5,0.15474334521394756,0.2926106425726045,0.6451293765928926
286,250.0,0.1,10.0,1.0,10.0,0.7,0.15087693929435897,0.289224452777247,0.6541649840810606
287,250.0,0.1,10.0,1.0,10.0,0.9,0.14720962085644673,0.28526755641156143,0.6625074728087108
288,250.0,0.1,10.0,10.0,0.0,0.5,0.18005895038413094,0.32200341885585004,0.5872231204756531
289,250.0,0.1,10.0,10.0,0.0,0.7,0.1748361241726025,0.3166459348115296,0.5991918901463104
290,250.0,0.1,10.0,10.0,0.0,0.9,0.17434552183245006,0.3171808675468847,0.6003375450927074
291,250.0,0.1,10.0,10.0,1.0,0.5,0.1809143142875603,0.3220336557221623,0.5850729584179053
292,250.0,0.1,10.0,10.0,1.0,0.7,0.1755311010829993,0.3176739301143336,0.5976090654276696
293,250.0,0.1,10.0,10.0,1.0,0.9,0.1753843574511305,0.3169850296855358,0.5978845979325615
294,250.0,0.1,10.0,10.0,10.0,0.5,0.18664019152402314,0.32482874409888246,0.5719381519044233
295,250.0,0.1,10.0,10.0,10.0,0.7,0.1815755961799808,0.32087903285382313,0.5835689835783369
296,250.0,0.1,10.0,10.0,10.0,0.9,0.1783370815778765,0.3176371056707753,0.5909995073216204
297,250.0,0.1,50.0,0.0,0.0,0.5,0.2863309037657796,0.4141231756148255,0.3433906262004032
298,250.0,0.1,50.0,0.0,0.0,0.7,0.2590555698638093,0.3907311386020591,0.40554616014675615
299,250.0,0.1,50.0,0.0,0.0,0.9,0.2532825215699993,0.3862355543849317,0.4192916981412801
300,250.0,0.1,50.0,0.0,1.0,0.5,0.20673108419047564,0.3489618477628439,0.525963934074295
301,250.0,0.1,50.0,0.0,1.0,0.7,0.19312632743690367,0.3328036454647524,0.5571361013037393
302,250.0,0.1,50.0,0.0,1.0,0.9,0.19181106040906687,0.33116342436524304,0.5601769914596519
303,250.0,0.1,50.0,0.0,10.0,0.5,0.1723755772990567,0.3122532227777686,0.604680371239212
304,250.0,0.1,50.0,0.0,10.0,0.7,0.16465672410484644,0.3043717439317855,0.6221455677442659
305,250.0,0.1,50.0,0.0,10.0,0.9,0.15885256205834763,0.2985348724896434,0.6357294933211317
306,250.0,0.1,50.0,1.0,0.0,0.5,0.2021124163525287,0.34223316593196274,0.5363484524504767
307,250.0,0.1,50.0,1.0,0.0,0.7,0.1847952253322605,0.3259440303218572,0.5762213083069615
308,250.0,0.1,50.0,1.0,0.0,0.9,0.1876918475301571,0.3291521289375233,0.5699411310141299
309,250.0,0.1,50.0,1.0,1.0,0.5,0.16933620795489474,0.309269316832878,0.6118777619953091
310,250.0,0.1,50.0,1.0,1.0,0.7,0.1631998532752097,0.30226066867647716,0.6255454242571645
311,250.0,0.1,50.0,1.0,1.0,0.9,0.16253205244578323,0.30142648620861817,0.6274004979855382
312,250.0,0.1,50.0,1.0,10.0,0.5,0.15528760810271597,0.2962531849858038,0.6439185096085674
313,250.0,0.1,50.0,1.0,10.0,0.7,0.14899731349326029,0.28762297913383106,0.658426272695355
314,250.0,0.1,50.0,1.0,10.0,0.9,0.14577249767544834,0.28433212210759806,0.6658299483395326
315,250.0,0.1,50.0,10.0,0.0,0.5,0.18005895038413094,0.32200341885585004,0.5872231204756531
316,250.0,0.1,50.0,10.0,0.0,0.7,0.1748361241726025,0.3166459348115296,0.5991918901463104
317,250.0,0.1,50.0,10.0,0.0,0.9,0.17434552183245006,0.3171808675468847,0.6003375450927074
318,250.0,0.1,50.0,10.0,1.0,0.5,0.1809143142875603,0.3220336557221623,0.5850729584179053
319,250.0,0.1,50.0,10.0,1.0,0.7,0.1755311010829993,0.3176739301143336,0.5976090654276696
320,250.0,0.1,50.0,10.0,1.0,0.9,0.1753843574511305,0.3169850296855358,0.5978845979325615
321,250.0,0.1,50.0,10.0,10.0,0.5,0.18664019152402314,0.32482874409888246,0.5719381519044233
322,250.0,0.1,50.0,10.0,10.0,0.7,0.1815755961799808,0.32087903285382313,0.5835689835783369
323,250.0,0.1,50.0,10.0,10.0,0.9,0.1783370815778765,0.3176371056707753,0.5909995073216204
324,250.0,0.5,3.0,0.0,0.0,0.5,0.16584362253660082,0.3031532132620937,0.6198420789575891
325,250.0,0.5,3.0,0.0,0.0,0.7,0.1570937708634158,0.29532397004695987,0.6398933384166796
326,250.0,0.5,3.0,0.0,0.0,0.9,0.1492235328242859,0.28610016419069256,0.6579352769502923
327,250.0,0.5,3.0,0.0,1.0,0.5,0.15917293878127506,0.2973395923340172,0.6349716442231836
328,250.0,0.5,3.0,0.0,1.0,0.7,0.15090064717958793,0.2894199174243201,0.653977277063181
329,250.0,0.5,3.0,0.0,1.0,0.9,0.14681962854058545,0.28376367534548863,0.6634408961124603
330,250.0,0.5,3.0,0.0,10.0,0.5,0.15468263948324965,0.2926357935759875,0.6454048353886159
331,250.0,0.5,3.0,0.0,10.0,0.7,0.1482072120377465,0.2847041518156691,0.660152538838202
332,250.0,0.5,3.0,0.0,10.0,0.9,0.14206234647865953,0.2796129867946281,0.674331363151432
333,250.0,0.5,3.0,1.0,0.0,0.5,0.15463874066122468,0.2910848073872915,0.6455428866160157
334,250.0,0.5,3.0,1.0,0.0,0.7,0.1480918223105022,0.2836482999168137,0.6604343286902171
335,250.0,0.5,3.0,1.0,0.0,0.9,0.14549524755127144,0.2821533238641338,0.6664937750377826
336,250.0,0.5,3.0,1.0,1.0,0.5,0.1498968282554218,0.28885963364307893,0.6565996518257018
337,250.0,0.5,3.0,1.0,1.0,0.7,0.14571821323102166,0.28276705221614007,0.6659162284788758
338,250.0,0.5,3.0,1.0,1.0,0.9,0.14194789698251015,0.27886180810318373,0.6745496984917786
339,250.0,0.5,3.0,1.0,10.0,0.5,0.1468589536603553,0.28568089809121744,0.6634377310844123
340,250.0,0.5,3.0,1.0,10.0,0.7,0.14409315313603466,0.2809968160240393,0.6695997980617224
341,250.0,0.5,3.0,1.0,10.0,0.9,0.1401895323024254,0.2755422789927238,0.6786501141656854
342,250.0,0.5,3.0,10.0,0.0,0.5,0.17056580300790253,0.31454758250319526,0.6089917210231496
343,250.0,0.5,3.0,10.0,0.0,0.7,0.16609191025502842,0.3094904348668474,0.6190578872585878
344,250.0,0.5,3.0,10.0,0.0,0.9,0.1658684455197099,0.3083123504556476,0.6196483748521266
345,250.0,0.5,3.0,10.0,1.0,0.5,0.16914077566069918,0.31242045496374055,0.6121361937098239
346,250.0,0.5,3.0,10.0,1.0,0.7,0.1667392587047018,0.30975868530463135,0.6175641318595023
347,250.0,0.5,3.0,10.0,1.0,0.9,0.1673609387040449,0.30977615296334343,0.6161712363350198
348,250.0,0.5,3.0,10.0,10.0,0.5,0.17283183956341527,0.31402021234816846,0.6036150106278908
349,250.0,0.5,3.0,10.0,10.0,0.7,0.1683773332207002,0.310807814044941,0.6139119338186839
350,250.0,0.5,3.0,10.0,10.0,0.9,0.16700224161968585,0.30915504888239537,0.617002903527454
351,250.0,0.5,10.0,0.0,0.0,0.5,0.19547750062914226,0.33449324207566444,0.5518221273019529
352,250.0,0.5,10.0,0.0,0.0,0.7,0.16936101201933546,0.3069078389227715,0.6118831681959651
353,250.0,0.5,10.0,0.0,0.0,0.9,0.1579329084470389,0.29644838255813993,0.6380013739107683
354,250.0,0.5,10.0,0.0,1.0,0.5,0.17902316331962695,0.3188101355940693,0.5894128137551904
355,250.0,0.5,10.0,0.0,1.0,0.7,0.16561785551507402,0.30499914515789894,0.6203501406988694
356,250.0,0.5,10.0,0.0,1.0,0.9,0.16091878123483652,0.29885015571908446,0.6311471723627601
357,250.0,0.5,10.0,0.0,10.0,0.5,0.17017477491857608,0.3065423211142564,0.609790444948662
358,250.0,0.5,10.0,0.0,10.0,0.7,0.15924203206333454,0.2933834297307326,0.6348727078000325
359,250.0,0.5,10.0,0.0,10.0,0.9,0.1530861471441362,0.2896640692488909,0.6489800799048836
360,250.0,0.5,10.0,1.0,0.0,0.5,0.16872066546164877,0.30628762483267297,0.6130631044462731
361,250.0,0.5,10.0,1.0,0.0,0.7,0.15655705309186457,0.29419887440930836,0.6410331882024425
362,250.0,0.5,10.0,1.0,0.0,0.9,0.15043880080392807,0.2885983842371895,0.6552141114871641
363,250.0,0.5,10.0,1.0,1.0,0.5,0.16220717156625394,0.30171873140091915,0.6282898227239379
364,250.0,0.5,10.0,1.0,1.0,0.7,0.1520241288738798,0.29042232460311423,0.6516884140894198
365,250.0,0.5,10.0,1.0,1.0,0.9,0.14757603879963832,0.28565603767415737,0.6617460269331467
366,250.0,0.5,10.0,1.0,10.0,0.5,0.15321383316198728,0.2923243218091132,0.648493214645731
367,250.0,0.5,10.0,1.0,10.0,0.7,0.14879730918755968,0.2846573609379274,0.6587736100274659
368,250.0,0.5,10.0,1.0,10.0,0.9,0.1444624060356971,0.2823427045512238,0.6687921235398794
369,250.0,0.5,10.0,10.0,0.0,0.5,0.1696238715320829,0.3128669429199321,0.6111018443461985
370,250.0,0.5,10.0,10.0,0.0,0.7,0.16837525424103,0.31142411072470794,0.6139532918065693
371,250.0,0.5,10.0,10.0,0.0,0.9,0.16601163506735156,0.3087899053888942,0.6192216003428054
372,250.0,0.5,10.0,10.0,1.0,0.5,0.16878488438570077,0.3121831623059966,0.6129558193300808
373,250.0,0.5,10.0,10.0,1.0,0.7,0.16889969623410156,0.31159300143167445,0.6126140647936438
374,250.0,0.5,10.0,10.0,1.0,0.9,0.16546672697921755,0.308010830102084,0.6205324107003636
375,250.0,0.5,10.0,10.0,10.0,0.5,0.17291755465852282,0.3142017808740222,0.6034188981385361
376,250.0,0.5,10.0,10.0,10.0,0.7,0.16923424958950556,0.31128133443149875,0.6119258630080558
377,250.0,0.5,10.0,10.0,10.0,0.9,0.16717015351104098,0.3096248657360223,0.6167177251347766
378,250.0,0.5,50.0,0.0,0.0,0.5,0.2042845606378052,0.3410643959885839,0.5315925109115522
379,250.0,0.5,50.0,0.0,0.0,0.7,0.18251318396741667,0.32046667080687896,0.5813710879794687
380,250.0,0.5,50.0,0.0,0.0,0.9,0.16828030841595418,0.3068087671431902,0.6141599095048362
381,250.0,0.5,50.0,0.0,1.0,0.5,0.19022952232903073,0.3288914130883353,0.563812975169691
382,250.0,0.5,50.0,0.0,1.0,0.7,0.17527215504154803,0.3128450528339929,0.5982929183361394
383,250.0,0.5,50.0,0.0,1.0,0.9,0.16658456237862626,0.30657691347053484,0.6183095154351024
384,250.0,0.5,50.0,0.0,10.0,0.5,0.1672504996742971,0.30631260380273284,0.6162827247814315
385,250.0,0.5,50.0,0.0,10.0,0.7,0.1618104098556281,0.2991336471231171,0.628825896660634
386,250.0,0.5,50.0,0.0,10.0,0.9,0.16142666034519398,0.2974642439859501,0.6297723217318294
387,250.0,0.5,50.0,1.0,0.0,0.5,0.1670894466934941,0.30670729100385635,0.6170840435916061
388,250.0,0.5,50.0,1.0,0.0,0.7,0.15320632787316996,0.29318474787789617,0.648629133636416
389,250.0,0.5,50.0,1.0,0.0,0.9,0.15267566905898594,0.29085221714928117,0.6499651586601844
390,250.0,0.5,50.0,1.0,1.0,0.5,0.1610561555239995,0.3001303954363984,0.6307005712176668
391,250.0,0.5,50.0,1.0,1.0,0.7,0.15179873147903156,0.2914417428244379,0.6521362977642127
392,250.0,0.5,50.0,1.0,1.0,0.9,0.15093598491827004,0.28837376655335084,0.6542111553488879
393,250.0,0.5,50.0,1.0,10.0,0.5,0.15403698967306334,0.29322021067749493,0.6467351500492153
394,250.0,0.5,50.0,1.0,10.0,0.7,0.14912789110804273,0.2863819603532173,0.6578523868975877
395,250.0,0.5,50.0,1.0,10.0,0.9,0.14692903880183006,0.28281657414980355,0.6632788733755989
396,250.0,0.5,50.0,10.0,0.0,0.5,0.1696238715320829,0.3128669429199321,0.6111018443461985
397,250.0,0.5,50.0,10.0,0.0,0.7,0.16837525424103,0.31142411072470794,0.6139532918065693
398,250.0,0.5,50.0,10.0,0.0,0.9,0.16601163506735156,0.3087899053888942,0.6192216003428054
399,250.0,0.5,50.0,10.0,1.0,0.5,0.16878488438570077,0.3121831623059966,0.6129558193300808
400,250.0,0.5,50.0,10.0,1.0,0.7,0.16889969623410156,0.31159300143167445,0.6126140647936438
401,250.0,0.5,50.0,10.0,1.0,0.9,0.16546672697921755,0.308010830102084,0.6205324107003636
402,250.0,0.5,50.0,10.0,10.0,0.5,0.17291755465852282,0.3142017808740222,0.6034188981385361
403,250.0,0.5,50.0,10.0,10.0,0.7,0.16923424958950556,0.31128133443149875,0.6119258630080558
404,250.0,0.5,50.0,10.0,10.0,0.9,0.16717015351104098,0.3096248657360223,0.6167177251347766
405,250.0,0.9,3.0,0.0,0.0,0.5,0.16679840938233995,0.3032532893227723,0.6175835081138604
406,250.0,0.9,3.0,0.0,0.0,0.7,0.1582903519228947,0.29557409171952487,0.6367938926979689
407,250.0,0.9,3.0,0.0,0.0,0.9,0.15232055064420524,0.2883657370009394,0.6507460496360614
408,250.0,0.9,3.0,0.0,1.0,0.5,0.16295364106901267,0.3009689497044787,0.6263608224092018
409,250.0,0.9,3.0,0.0,1.0,0.7,0.15164652829746272,0.2888809464564464,0.6521932422804593
410,250.0,0.9,3.0,0.0,1.0,0.9,0.14799558481480227,0.2843175794337611,0.6607329087472262
411,250.0,0.9,3.0,0.0,10.0,0.5,0.1577214305388166,0.296211492089857,0.6385480226626695
412,250.0,0.9,3.0,0.0,10.0,0.7,0.15133607838182633,0.2883572081209268,0.6531118472188309
413,250.0,0.9,3.0,0.0,10.0,0.9,0.146394858564801,0.28363564336041935,0.6642707762836816
414,250.0,0.9,3.0,1.0,0.0,0.5,0.15491646312572632,0.2927165216633071,0.6450104142831072
415,250.0,0.9,3.0,1.0,0.0,0.7,0.14803705708537662,0.28486862266553464,0.6606371451619246
416,250.0,0.9,3.0,1.0,0.0,0.9,0.14455459691541073,0.28093268453640957,0.66863300023421
417,250.0,0.9,3.0,1.0,1.0,0.5,0.15304394049094544,0.29128357095670665,0.649122641836736
418,250.0,0.9,3.0,1.0,1.0,0.7,0.14504016268660153,0.28306800378226765,0.6675457799477362
419,250.0,0.9,3.0,1.0,1.0,0.9,0.14447477680507786,0.28157743314766304,0.6687856790743554
420,250.0,0.9,3.0,1.0,10.0,0.5,0.14796949071813165,0.28578479894772146,0.6606427680480366
421,250.0,0.9,3.0,1.0,10.0,0.7,0.1447640679758455,0.2817534670144274,0.6681335640155327
422,250.0,0.9,3.0,1.0,10.0,0.9,0.14195360733776305,0.2781415588769956,0.6745485229399923
423,250.0,0.9,3.0,10.0,0.0,0.5,0.1704687820361275,0.3139557778918739,0.6091262984721038
424,250.0,0.9,3.0,10.0,0.0,0.7,0.1682152759725684,0.31133741625892725,0.6142466050108608
425,250.0,0.9,3.0,10.0,0.0,0.9,0.16524411482351842,0.30741656370130077,0.6210735800958671
426,250.0,0.9,3.0,10.0,1.0,0.5,0.17240480249187545,0.3159495594249205,0.6047248337698838
427,250.0,0.9,3.0,10.0,1.0,0.7,0.16811597270731235,0.31056175539811515,0.6145540938970656
428,250.0,0.9,3.0,10.0,1.0,0.9,0.1672620018669275,0.31038339525610203,0.6164596058531926
429,250.0,0.9,3.0,10.0,10.0,0.5,0.17410758710008506,0.3153259524734249,0.6006617976300658
430,250.0,0.9,3.0,10.0,10.0,0.7,0.16957401250173537,0.31231853254759767,0.6111487760249178
431,250.0,0.9,3.0,10.0,10.0,0.9,0.1682699960595635,0.31003035511839605,0.6141450155512945
432,250.0,0.9,10.0,0.0,0.0,0.5,0.19737034196569916,0.33270853158500036,0.5476121717053415
433,250.0,0.9,10.0,0.0,0.0,0.7,0.17583980286603973,0.3106178665949147,0.5967051959496483
434,250.0,0.9,10.0,0.0,0.0,0.9,0.16892572498558675,0.30138456222077165,0.6125796489778648
435,250.0,0.9,10.0,0.0,1.0,0.5,0.187772323995448,0.3264809029697681,0.5693828499478647
436,250.0,0.9,10.0,0.0,1.0,0.7,0.1683663137196389,0.30568098349133466,0.6138985518797464
437,250.0,0.9,10.0,0.0,1.0,0.9,0.1611753452524479,0.29690675187824617,0.6306145085102709
438,250.0,0.9,10.0,0.0,10.0,0.5,0.16700372851682027,0.3051428965267423,0.6168203470496035
439,250.0,0.9,10.0,0.0,10.0,0.7,0.16056050931790808,0.296102961659658,0.6318033595657241
440,250.0,0.9,10.0,0.0,10.0,0.9,0.15201970103614354,0.2862571287619464,0.651318684887283
441,250.0,0.9,10.0,1.0,0.0,0.5,0.16978675764742185,0.3066853096678634,0.6107583246485521
442,250.0,0.9,10.0,1.0,0.0,0.7,0.15575114487695885,0.29370796631938645,0.6430018943531179
443,250.0,0.9,10.0,1.0,0.0,0.9,0.15383457572571962,0.2902363614165681,0.6471992437647102
444,250.0,0.9,10.0,1.0,1.0,0.5,0.16283458411359356,0.30143471393941534,0.6266356908121158
445,250.0,0.9,10.0,1.0,1.0,0.7,0.15098736242069655,0.28895704752429224,0.6539516733419072
446,250.0,0.9,10.0,1.0,1.0,0.9,0.14853621935856234,0.2854849065891266,0.6595251810687975
447,250.0,0.9,10.0,1.0,10.0,0.5,0.15540493024487073,0.29347551084430823,0.6437038203430314
448,250.0,0.9,10.0,1.0,10.0,0.7,0.15000335594274133,0.28684864668803195,0.6560293638348182
449,250.0,0.9,10.0,1.0,10.0,0.9,0.14515744797964164,0.2810913401151846,0.6673432510298063
450,250.0,0.9,10.0,10.0,0.0,0.5,0.17198771835482946,0.31525715730121995,0.6056813663394245
451,250.0,0.9,10.0,10.0,0.0,0.7,0.16896714748771005,0.3126457725997174,0.6124710425652304
452,250.0,0.9,10.0,10.0,0.0,0.9,0.16584232392946469,0.30909126821717253,0.6197327103732581
453,250.0,0.9,10.0,10.0,1.0,0.5,0.172174557871763,0.3155763093315351,0.6052363376370224
454,250.0,0.9,10.0,10.0,1.0,0.7,0.16700047255169032,0.30941232328879714,0.6170667057985725
455,250.0,0.9,10.0,10.0,1.0,0.9,0.16678317262506462,0.30928892317683776,0.6175422401119433
456,250.0,0.9,10.0,10.0,10.0,0.5,0.17430812453615846,0.3153167062104498,0.6002091299675893
457,250.0,0.9,10.0,10.0,10.0,0.7,0.17017871565145476,0.3131034850014387,0.6097716323794918
458,250.0,0.9,10.0,10.0,10.0,0.9,0.1667674623528907,0.3085694073110359,0.6175483446073938
459,250.0,0.9,50.0,0.0,0.0,0.5,0.2105967988797332,0.34396870226362486,0.5171631764416478
460,250.0,0.9,50.0,0.0,0.0,0.7,0.18608413628253576,0.31952823415782144,0.5733110952553535
461,250.0,0.9,50.0,0.0,0.0,0.9,0.17896876909753168,0.3120463764751763,0.5893092264494048
462,250.0,0.9,50.0,0.0,1.0,0.5,0.19895150473508652,0.3335521878640145,0.5440854670639739
463,250.0,0.9,50.0,0.0,1.0,0.7,0.17268476383135092,0.3119697694298268,0.6041214983500285
464,250.0,0.9,50.0,0.0,1.0,0.9,0.1696217936575763,0.3070610703625157,0.6108833520218274
465,250.0,0.9,50.0,0.0,10.0,0.5,0.1817486800106513,0.31721081588099076,0.5830386786450295
466,250.0,0.9,50.0,0.0,10.0,0.7,0.17071741271950064,0.30715096904885836,0.6083411039144639
467,250.0,0.9,50.0,0.0,10.0,0.9,0.16724426871369666,0.3031684871885059,0.6162088640093438
468,250.0,0.9,50.0,1.0,0.0,0.5,0.17278843817699582,0.3112527571331492,0.6038708694607007
469,250.0,0.9,50.0,1.0,0.0,0.7,0.15957147766054713,0.2957140236779031,0.6340162974964143
470,250.0,0.9,50.0,1.0,0.0,0.9,0.15656369575143292,0.29355216419419006,0.6409320966834591
471,250.0,0.9,50.0,1.0,1.0,0.5,0.164298541652196,0.30113440712123185,0.6233310718020303
472,250.0,0.9,50.0,1.0,1.0,0.7,0.15534252753392,0.2928508418949377,0.6441777851716772
473,250.0,0.9,50.0,1.0,1.0,0.9,0.1496832081844513,0.28817821107141617,0.6568158248791468
474,250.0,0.9,50.0,1.0,10.0,0.5,0.1546593046898506,0.2916927426539443,0.6457153042750712
475,250.0,0.9,50.0,1.0,10.0,0.7,0.14750094454745982,0.2857146836418686,0.6618247509311188
476,250.0,0.9,50.0,1.0,10.0,0.9,0.14636571758465905,0.2836121366093177,0.6645950025668131
477,250.0,0.9,50.0,10.0,0.0,0.5,0.17198771835482946,0.31525715730121995,0.6056813663394245
478,250.0,0.9,50.0,10.0,0.0,0.7,0.16896714748771005,0.3126457725997174,0.6124710425652304
479,250.0,0.9,50.0,10.0,0.0,0.9,0.16584232392946469,0.30909126821717253,0.6197327103732581
480,250.0,0.9,50.0,10.0,1.0,0.5,0.172174557871763,0.3155763093315351,0.6052363376370224
481,250.0,0.9,50.0,10.0,1.0,0.7,0.16700047255169032,0.30941232328879714,0.6170667057985725
482,250.0,0.9,50.0,10.0,1.0,0.9,0.16678317262506462,0.30928892317683776,0.6175422401119433
483,250.0,0.9,50.0,10.0,10.0,0.5,0.17430812453615846,0.3153167062104498,0.6002091299675893
484,250.0,0.9,50.0,10.0,10.0,0.7,0.17017871565145476,0.3131034850014387,0.6097716323794918
485,250.0,0.9,50.0,10.0,10.0,0.9,0.1667674623528907,0.3085694073110359,0.6175483446073938
486,500.0,0.1,3.0,0.0,0.0,0.5,0.17958816743113543,0.31791800115568186,0.5877180804340266
487,500.0,0.1,3.0,0.0,0.0,0.7,0.1615058458587674,0.30196232865514017,0.6297005705464477
488,500.0,0.1,3.0,0.0,0.0,0.9,0.15575737049286634,0.2948117787209754,0.6426622672138047
489,500.0,0.1,3.0,0.0,1.0,0.5,0.17002113974401403,0.3099440903671319,0.6099491806951631
490,500.0,0.1,3.0,0.0,1.0,0.7,0.16096202676039184,0.3003975775888172,0.6309931851092923
491,500.0,0.1,3.0,0.0,1.0,0.9,0.15344753436135744,0.2914362787327036,0.648121068750237
492,500.0,0.1,3.0,0.0,10.0,0.5,0.1610970849165016,0.2996613789491127,0.630570229083824
493,500.0,0.1,3.0,0.0,10.0,0.7,0.15580980008684545,0.2939446851105134,0.6428544049763939
494,500.0,0.1,3.0,0.0,10.0,0.9,0.1495429617246777,0.285276708168464,0.6571882917181167
495,500.0,0.1,3.0,1.0,0.0,0.5,0.1584279237681977,0.29676266185474665,0.6366158771769597
496,500.0,0.1,3.0,1.0,0.0,0.7,0.15069721681607479,0.2880245621772529,0.6545391253362709
497,500.0,0.1,3.0,1.0,0.0,0.9,0.14960988113077014,0.28720410300528315,0.656989066077886
498,500.0,0.1,3.0,1.0,1.0,0.5,0.15475593022183304,0.2937029692067268,0.6451103059774995
499,500.0,0.1,3.0,1.0,1.0,0.7,0.14935247487390696,0.286734895206903,0.6575987385369257
500,500.0,0.1,3.0,1.0,1.0,0.9,0.1453184139250457,0.2840883753045702,0.666874800116943
501,500.0,0.1,3.0,1.0,10.0,0.5,0.14880912847580172,0.2869329517293921,0.6589135813866244
502,500.0,0.1,3.0,1.0,10.0,0.7,0.14756950924582418,0.28457157219765594,0.661822726250542
503,500.0,0.1,3.0,1.0,10.0,0.9,0.1442357800200556,0.28085333545766106,0.669473565109773
504,500.0,0.1,3.0,10.0,0.0,0.5,0.17875758859496668,0.3211769360988455,0.5901449886358171
505,500.0,0.1,3.0,10.0,0.0,0.7,0.1754677708610078,0.3172719070146811,0.5976634222544062
506,500.0,0.1,3.0,10.0,0.0,0.9,0.1755060647229742,0.31768826368128755,0.5976395885044206
507,500.0,0.1,3.0,10.0,1.0,0.5,0.17918304806505111,0.32053235845564443,0.5891293740160628
508,500.0,0.1,3.0,10.0,1.0,0.7,0.1756376888438149,0.31773602876751217,0.59729146772032
509,500.0,0.1,3.0,10.0,1.0,0.9,0.17426393869080464,0.31651715603427544,0.6003139809287992
510,500.0,0.1,3.0,10.0,10.0,0.5,0.18618407304297482,0.3244011559563772,0.572871464084319
511,500.0,0.1,3.0,10.0,10.0,0.7,0.1817117802671807,0.32051535185070207,0.583217631308819
512,500.0,0.1,3.0,10.0,10.0,0.9,0.17813001079579482,0.3172563093294795,0.5913807375669768
513,500.0,0.1,10.0,0.0,0.0,0.5,0.23898133198297028,0.3746952248399773,0.4518702025824325
514,500.0,0.1,10.0,0.0,0.0,0.7,0.20647076631661276,0.34654826431754954,0.526778283967902
515,500.0,0.1,10.0,0.0,0.0,0.9,0.20184587778195456,0.33891839436416493,0.5375148712469027
516,500.0,0.1,10.0,0.0,1.0,0.5,0.19563896538969566,0.3359267504748265,0.55159210393443
517,500.0,0.1,10.0,0.0,1.0,0.7,0.17512186613647546,0.3144981602674537,0.5984573435720446
518,500.0,0.1,10.0,0.0,1.0,0.9,0.16880007498073518,0.3099757452665121,0.6127295324491014
519,500.0,0.1,10.0,0.0,10.0,0.5,0.17504326607868853,0.31349492603891055,0.5984869382545108
520,500.0,0.1,10.0,0.0,10.0,0.7,0.15999600274435372,0.30011392871326886,0.6329011232621296
521,500.0,0.1,10.0,0.0,10.0,0.9,0.15642397985025655,0.2954958675590146,0.6413551349282046
522,500.0,0.1,10.0,1.0,0.0,0.5,0.19566514045708377,0.33308886211357336,0.5511373666237509
523,500.0,0.1,10.0,1.0,0.0,0.7,0.1780021784543449,0.3184318271887737,0.5919525845090099
524,500.0,0.1,10.0,1.0,0.0,0.9,0.16867646384396098,0.3079384696566471,0.6135738437264944
525,500.0,0.1,10.0,1.0,1.0,0.5,0.16762304767143169,0.30729391381202775,0.6157826568912255
526,500.0,0.1,10.0,1.0,1.0,0.7,0.15804472413587964,0.2974637863595315,0.6374880127850762
527,500.0,0.1,10.0,1.0,1.0,0.9,0.1561815459503364,0.29423623432825413,0.6419910972178413
528,500.0,0.1,10.0,1.0,10.0,0.5,0.15690148732806913,0.2948758859275482,0.6401878175302143
529,500.0,0.1,10.0,1.0,10.0,0.7,0.15073456480765193,0.28952696001830114,0.6545015450355006
530,500.0,0.1,10.0,1.0,10.0,0.9,0.14733666713643193,0.2854954302122603,0.6622127555812481
531,500.0,0.1,10.0,10.0,0.0,0.5,0.17806151305134507,0.3200278513652592,0.5917600119785983
532,500.0,0.1,10.0,10.0,0.0,0.7,0.17375744312943625,0.31564078342192275,0.6016573574524899
533,500.0,0.1,10.0,10.0,0.0,0.9,0.17341426572205682,0.31618430282940724,0.6024669819894364
534,500.0,0.1,10.0,10.0,1.0,0.5,0.17935101931767747,0.32078083698006554,0.5886354169076603
535,500.0,0.1,10.0,10.0,1.0,0.7,0.17489222842585775,0.3171065493978017,0.5990332453066985
536,500.0,0.1,10.0,10.0,1.0,0.9,0.17519983278277676,0.31686009566151957,0.5983068538865635
537,500.0,0.1,10.0,10.0,10.0,0.5,0.18519333556037623,0.32406042781456273,0.5752318477895122
538,500.0,0.1,10.0,10.0,10.0,0.7,0.1809610999525449,0.32030547696872397,0.5849360381632551
539,500.0,0.1,10.0,10.0,10.0,0.9,0.17818955390044738,0.31747583681037383,0.5913268657752756
540,500.0,0.1,50.0,0.0,0.0,0.5,0.2863326323308207,0.4141232061817962,0.34338666991299094
541,500.0,0.1,50.0,0.0,0.0,0.7,0.2590549909869287,0.39073052023890525,0.40554746521073914
542,500.0,0.1,50.0,0.0,0.0,0.9,0.2532812916379627,0.3862343578018069,0.4192945145861994
543,500.0,0.1,50.0,0.0,1.0,0.5,0.20672939191792641,0.34895942642254346,0.5259678082834685
544,500.0,0.1,50.0,0.0,1.0,0.7,0.19312649903187348,0.3328032407912063,0.5571356986264716
545,500.0,0.1,50.0,0.0,1.0,0.9,0.19180952435740622,0.3311619741411072,0.5601805366407518
546,500.0,0.1,50.0,0.0,10.0,0.5,0.17236820047538898,0.3122385339437108,0.604698047221045
547,500.0,0.1,50.0,0.0,10.0,0.7,0.16465176728508912,0.3043664928427901,0.6221570022050551
548,500.0,0.1,50.0,0.0,10.0,0.9,0.15885298495126787,0.29853489783450204,0.6357285834890423
549,500.0,0.1,50.0,1.0,0.0,0.5,0.2030471048302079,0.3430604697363816,0.5343105108496123
550,500.0,0.1,50.0,1.0,0.0,0.7,0.184918437382404,0.3262714268032593,0.5759478718719091
551,500.0,0.1,50.0,1.0,0.0,0.9,0.18655980212939705,0.32819479959259673,0.5725645645713563
552,500.0,0.1,50.0,1.0,1.0,0.5,0.17032482729646264,0.3103644223887615,0.6096269914877198
553,500.0,0.1,50.0,1.0,1.0,0.7,0.16325444594662633,0.3028719025458204,0.6254343746676382
554,500.0,0.1,50.0,1.0,1.0,0.9,0.16246502068836907,0.30128037294905835,0.6275876334285855
555,500.0,0.1,50.0,1.0,10.0,0.5,0.1554686552469483,0.2968312116986797,0.6435188353393627
556,500.0,0.1,50.0,1.0,10.0,0.7,0.149804310557974,0.28863715262899337,0.6565530273522195
557,500.0,0.1,50.0,1.0,10.0,0.9,0.14577195365142673,0.2841121024262176,0.6658212969931346
558,500.0,0.1,50.0,10.0,0.0,0.5,0.17806151305134507,0.3200278513652592,0.5917600119785983
559,500.0,0.1,50.0,10.0,0.0,0.7,0.17375744312943625,0.31564078342192275,0.6016573574524899
560,500.0,0.1,50.0,10.0,0.0,0.9,0.17341426572205682,0.31618430282940724,0.6024669819894364
561,500.0,0.1,50.0,10.0,1.0,0.5,0.17935101931767747,0.32078083698006554,0.5886354169076603
562,500.0,0.1,50.0,10.0,1.0,0.7,0.17489222842585775,0.3171065493978017,0.5990332453066985
563,500.0,0.1,50.0,10.0,1.0,0.9,0.17519983278277676,0.31686009566151957,0.5983068538865635
564,500.0,0.1,50.0,10.0,10.0,0.5,0.18519333556037623,0.32406042781456273,0.5752318477895122
565,500.0,0.1,50.0,10.0,10.0,0.7,0.1809610999525449,0.32030547696872397,0.5849360381632551
566,500.0,0.1,50.0,10.0,10.0,0.9,0.17818955390044738,0.31747583681037383,0.5913268657752756
567,500.0,0.5,3.0,0.0,0.0,0.5,0.17646685975197735,0.3140931639491055,0.5953539749667911
568,500.0,0.5,3.0,0.0,0.0,0.7,0.16464375212170002,0.3043779617117061,0.6225808937213874
569,500.0,0.5,3.0,0.0,0.0,0.9,0.1545138005210886,0.291395682044357,0.6458218035754993
570,500.0,0.5,3.0,0.0,1.0,0.5,0.1670697429502867,0.3053838673709125,0.6168400413777814
571,500.0,0.5,3.0,0.0,1.0,0.7,0.15604032286078998,0.29585298604304516,0.6421107940712707
572,500.0,0.5,3.0,0.0,1.0,0.9,0.15159917686564278,0.28829640317691224,0.6524820477885866
573,500.0,0.5,3.0,0.0,10.0,0.5,0.1620307346611739,0.30233505098619473,0.6285031542600528
574,500.0,0.5,3.0,0.0,10.0,0.7,0.1550403137081529,0.29222027212069407,0.6444725034760391
575,500.0,0.5,3.0,0.0,10.0,0.9,0.14619545816831356,0.2850098825432756,0.6648811113885296
576,500.0,0.5,3.0,1.0,0.0,0.5,0.15567009737193158,0.2920944264032785,0.6431636163181313
577,500.0,0.5,3.0,1.0,0.0,0.7,0.14807105415008343,0.28414106726696564,0.6604168112686717
578,500.0,0.5,3.0,1.0,0.0,0.9,0.14604355253181267,0.28266125247725726,0.6652237936793542
579,500.0,0.5,3.0,1.0,1.0,0.5,0.1524769731725119,0.2919293677109682,0.6505854208645298
580,500.0,0.5,3.0,1.0,1.0,0.7,0.14620243613176703,0.28302242306729336,0.6648157369828711
581,500.0,0.5,3.0,1.0,1.0,0.9,0.14232015896503503,0.2792514235529181,0.6736892978991902
582,500.0,0.5,3.0,1.0,10.0,0.5,0.14835941633117655,0.28700287965316146,0.6599191802700286
583,500.0,0.5,3.0,1.0,10.0,0.7,0.14511351689788446,0.2818063744825213,0.6673167834091803
584,500.0,0.5,3.0,1.0,10.0,0.9,0.1402626491821209,0.2758352680510103,0.6784948394354714
585,500.0,0.5,3.0,10.0,0.0,0.5,0.17028711531719742,0.3142223682439504,0.6096110312042258
586,500.0,0.5,3.0,10.0,0.0,0.7,0.16483325167500923,0.30820514330455673,0.6219547990571153
587,500.0,0.5,3.0,10.0,0.0,0.9,0.16523633811757704,0.3076200730574722,0.6210616035533423
588,500.0,0.5,3.0,10.0,1.0,0.5,0.1686874149395737,0.3119640033818743,0.6131430325421752
589,500.0,0.5,3.0,10.0,1.0,0.7,0.16500886490585617,0.30796435418785517,0.6216109026109417
590,500.0,0.5,3.0,10.0,1.0,0.9,0.1665210346544823,0.308870121605867,0.6180470837971788
591,500.0,0.5,3.0,10.0,10.0,0.5,0.17259851520044972,0.3138574843868983,0.6041333159891646
592,500.0,0.5,3.0,10.0,10.0,0.7,0.16807169930407512,0.31043397613716267,0.6146397879276179
593,500.0,0.5,3.0,10.0,10.0,0.9,0.16634877923168231,0.30860259165882403,0.6185602918912011
594,500.0,0.5,10.0,0.0,0.0,0.5,0.1954753480121735,0.334491294046409,0.5518270717314027
595,500.0,0.5,10.0,0.0,0.0,0.7,0.1693613358452483,0.3069085206217692,0.6118823873901784
596,500.0,0.5,10.0,0.0,0.0,0.9,0.1579322189651034,0.2964482784291496,0.6380028752153222
597,500.0,0.5,10.0,0.0,1.0,0.5,0.17902329065175718,0.31881137484339794,0.5894124897747407
598,500.0,0.5,10.0,0.0,1.0,0.7,0.16561813228281294,0.3049984614162156,0.6203494817946481
599,500.0,0.5,10.0,0.0,1.0,0.9,0.16091949164011762,0.298850462776826,0.6311455353850441
600,500.0,0.5,10.0,0.0,10.0,0.5,0.17018554518307774,0.3065560620861871,0.6097684387721339
601,500.0,0.5,10.0,0.0,10.0,0.7,0.15924450639676963,0.2933848859949252,0.6348669039179825
602,500.0,0.5,10.0,0.0,10.0,0.9,0.15308564599764146,0.2896632688051285,0.6489811939651826
603,500.0,0.5,10.0,1.0,0.0,0.5,0.17023704681843252,0.3076811526723383,0.6095778533883833
604,500.0,0.5,10.0,1.0,0.0,0.7,0.15673064371590134,0.29424931745741134,0.6406161648695878
605,500.0,0.5,10.0,1.0,0.0,0.9,0.1505312511794159,0.288564440069925,0.6550194703569345
606,500.0,0.5,10.0,1.0,1.0,0.5,0.16392312838804532,0.3035635890989301,0.6243754583736826
607,500.0,0.5,10.0,1.0,1.0,0.7,0.1524205335976355,0.29122835242479483,0.6507817263453612
608,500.0,0.5,10.0,1.0,1.0,0.9,0.14773530927958478,0.2857058629530874,0.6613822902216632
609,500.0,0.5,10.0,1.0,10.0,0.5,0.1541914865514425,0.29365360250495975,0.6462723688246541
610,500.0,0.5,10.0,1.0,10.0,0.7,0.14923776223292262,0.2854585804260604,0.6577763743136258
611,500.0,0.5,10.0,1.0,10.0,0.9,0.14430777170766879,0.28194144431314494,0.6691713979701884
612,500.0,0.5,10.0,10.0,0.0,0.5,0.16960830721235823,0.31287576428645586,0.6111367768000366
613,500.0,0.5,10.0,10.0,0.0,0.7,0.16715575299796975,0.31001794616106226,0.6166852142342627
614,500.0,0.5,10.0,10.0,0.0,0.9,0.16574147871824363,0.30841376057322195,0.6198255096227467
615,500.0,0.5,10.0,10.0,1.0,0.5,0.16844230497010987,0.31173182026077156,0.6137091810862596
616,500.0,0.5,10.0,10.0,1.0,0.7,0.16726418958199604,0.3100170121788485,0.616456042321446
617,500.0,0.5,10.0,10.0,1.0,0.9,0.16399709427795933,0.3069076214805418,0.6239559905340123
618,500.0,0.5,10.0,10.0,10.0,0.5,0.1726843996544304,0.31402978615612065,0.6039368160139166
619,500.0,0.5,10.0,10.0,10.0,0.7,0.1681414732689417,0.31030308595216927,0.6144844590985941
620,500.0,0.5,10.0,10.0,10.0,0.9,0.16604402053084527,0.3081383335711054,0.6193012894659218
621,500.0,0.5,50.0,0.0,0.0,0.5,0.20428370222737408,0.3410632699422437,0.5315945290009513
622,500.0,0.5,50.0,0.0,0.0,0.7,0.18251399431193044,0.32046779746867265,0.5813692606064735
623,500.0,0.5,50.0,0.0,0.0,0.9,0.16828002915761156,0.30680847997996386,0.6141605477084783
624,500.0,0.5,50.0,0.0,1.0,0.5,0.19022840844290767,0.328891596381352,0.5638154365966483
625,500.0,0.5,50.0,0.0,1.0,0.7,0.1752719372333938,0.3128448426911721,0.5982934260725804
626,500.0,0.5,50.0,0.0,1.0,0.9,0.16658457242383826,0.3065768591449749,0.6183094819859227
627,500.0,0.5,50.0,0.0,10.0,0.5,0.16726671785824734,0.3063097694004627,0.616245011570818
628,500.0,0.5,50.0,0.0,10.0,0.7,0.1618117806673792,0.2991367310085873,0.6288227783141795
629,500.0,0.5,50.0,0.0,10.0,0.9,0.16142588712648098,0.29746324438318644,0.6297740821971644
630,500.0,0.5,50.0,1.0,0.0,0.5,0.16815790843931083,0.30805801328573895,0.614610901865705
631,500.0,0.5,50.0,1.0,0.0,0.7,0.15370233163368552,0.2934957167748534,0.6474999562998086
632,500.0,0.5,50.0,1.0,0.0,0.9,0.15264729233967902,0.29062009956716883,0.6500270117680678
633,500.0,0.5,50.0,1.0,1.0,0.5,0.161720460630409,0.30100683248048193,0.6291540220357104
634,500.0,0.5,50.0,1.0,1.0,0.7,0.15185113520873053,0.2908926751743334,0.6520218530067554
635,500.0,0.5,50.0,1.0,1.0,0.9,0.15125150736042542,0.2889093694278762,0.6534836811901504
636,500.0,0.5,50.0,1.0,10.0,0.5,0.15436145375031618,0.2935222542112569,0.6460390627536639
637,500.0,0.5,50.0,1.0,10.0,0.7,0.14994981874055863,0.287282242328477,0.655957965554479
638,500.0,0.5,50.0,1.0,10.0,0.9,0.147371932610522,0.28319604763658135,0.6622439955084578
639,500.0,0.5,50.0,10.0,0.0,0.5,0.16960830721235823,0.31287576428645586,0.6111367768000366
640,500.0,0.5,50.0,10.0,0.0,0.7,0.16715575299796975,0.31001794616106226,0.6166852142342627
641,500.0,0.5,50.0,10.0,0.0,0.9,0.16574147871824363,0.30841376057322195,0.6198255096227467
642,500.0,0.5,50.0,10.0,1.0,0.5,0.16844230497010987,0.31173182026077156,0.6137091810862596
643,500.0,0.5,50.0,10.0,1.0,0.7,0.16726418958199604,0.3100170121788485,0.616456042321446
644,500.0,0.5,50.0,10.0,1.0,0.9,0.16399709427795933,0.3069076214805418,0.6239559905340123
645,500.0,0.5,50.0,10.0,10.0,0.5,0.1726843996544304,0.31402978615612065,0.6039368160139166
646,500.0,0.5,50.0,10.0,10.0,0.7,0.1681414732689417,0.31030308595216927,0.6144844590985941
647,500.0,0.5,50.0,10.0,10.0,0.9,0.16604402053084527,0.3081383335711054,0.6193012894659218
648,500.0,0.9,3.0,0.0,0.0,0.5,0.17350165607504078,0.31113660730327125,0.6021684787198769
649,500.0,0.9,3.0,0.0,0.0,0.7,0.1646209314137712,0.30266479778819927,0.6220648198438952
650,500.0,0.9,3.0,0.0,0.0,0.9,0.15659341728174295,0.29316764426659,0.6408740679988197
651,500.0,0.9,3.0,0.0,1.0,0.5,0.17050659725341677,0.3084024666597433,0.6088866601166325
652,500.0,0.9,3.0,0.0,1.0,0.7,0.15842083631326914,0.29589010579841507,0.6367181675638721
653,500.0,0.9,3.0,0.0,1.0,0.9,0.15343375584504695,0.2895820411766752,0.6482574904853136
654,500.0,0.9,3.0,0.0,10.0,0.5,0.16358755661791818,0.3018167385736011,0.6249236267816652
655,500.0,0.9,3.0,0.0,10.0,0.7,0.15711084030644176,0.29476569158946503,0.639832653994136
656,500.0,0.9,3.0,0.0,10.0,0.9,0.14987236125935288,0.2882206803003966,0.6563773283051478
657,500.0,0.9,3.0,1.0,0.0,0.5,0.15616667834740205,0.29405155810385164,0.6420398487468827
658,500.0,0.9,3.0,1.0,0.0,0.7,0.14969554160918289,0.28706045456658524,0.6568435022086213
659,500.0,0.9,3.0,1.0,0.0,0.9,0.14481648688630502,0.2808436336447292,0.6680515204211044
660,500.0,0.9,3.0,1.0,1.0,0.5,0.15540286814435172,0.2938828041030523,0.6437624710768364
661,500.0,0.9,3.0,1.0,1.0,0.7,0.14643295050069655,0.2845232534731866,0.6643571847392167
662,500.0,0.9,3.0,1.0,1.0,0.9,0.14499209706147337,0.2820560333147156,0.6676472060421438
663,500.0,0.9,3.0,1.0,10.0,0.5,0.14881209904994486,0.2875492523381256,0.6586463319410345
664,500.0,0.9,3.0,1.0,10.0,0.7,0.1452320280676582,0.28225020330665673,0.6670832871370925
665,500.0,0.9,3.0,1.0,10.0,0.9,0.14234049619005412,0.27865831921878337,0.6736371692333589
666,500.0,0.9,3.0,10.0,0.0,0.5,0.16961078050125558,0.3130896198556658,0.6110361590619994
667,500.0,0.9,3.0,10.0,0.0,0.7,0.16649925351605374,0.3094329612837311,0.6182110605941717
668,500.0,0.9,3.0,10.0,0.0,0.9,0.16515538611969288,0.30729834301365866,0.6212767238829952
669,500.0,0.9,3.0,10.0,1.0,0.5,0.17071137612160375,0.3141700658890305,0.6085808141303916
670,500.0,0.9,3.0,10.0,1.0,0.7,0.16631245210740894,0.30884591500832287,0.6187090263207083
671,500.0,0.9,3.0,10.0,1.0,0.9,0.1668853907047348,0.30987918398112024,0.6173065936484929
672,500.0,0.9,3.0,10.0,10.0,0.5,0.17323524540808988,0.3141367682056302,0.6026286791411674
673,500.0,0.9,3.0,10.0,10.0,0.7,0.168575620982719,0.3112906034904094,0.6133790695557504
674,500.0,0.9,3.0,10.0,10.0,0.9,0.16827450069557978,0.3100342819436232,0.6141347802598249
675,500.0,0.9,10.0,0.0,0.0,0.5,0.19736951011629905,0.3327074357080283,0.5476140913516241
676,500.0,0.9,10.0,0.0,0.0,0.7,0.17583985270711552,0.3106178622491148,0.5967050839271371
677,500.0,0.9,10.0,0.0,0.0,0.9,0.16892577736551442,0.30138456692139165,0.6125795430961667
678,500.0,0.9,10.0,0.0,1.0,0.5,0.18777144164589124,0.3264804927816347,0.5693848601861166
679,500.0,0.9,10.0,0.0,1.0,0.7,0.16836608322331698,0.3056808895640743,0.6138990314337465
680,500.0,0.9,10.0,0.0,1.0,0.9,0.16117614502054364,0.2969072279374266,0.6306126568128956
681,500.0,0.9,10.0,0.0,10.0,0.5,0.1670196566219737,0.3051662956873391,0.6167844088701898
682,500.0,0.9,10.0,0.0,10.0,0.7,0.1605639870444505,0.29610821521469965,0.6317952623945912
683,500.0,0.9,10.0,0.0,10.0,0.9,0.15201873765746304,0.28625618549254417,0.6513209013364503
684,500.0,0.9,10.0,1.0,0.0,0.5,0.16987449938361726,0.3066147236771217,0.6104921904397688
685,500.0,0.9,10.0,1.0,0.0,0.7,0.15588264058593942,0.2937291245535076,0.6426982944418307
686,500.0,0.9,10.0,1.0,0.0,0.9,0.1537646342814015,0.2901388752156933,0.647356908205077
687,500.0,0.9,10.0,1.0,1.0,0.5,0.16373030658269067,0.3022931429411072,0.6246301241759016
688,500.0,0.9,10.0,1.0,1.0,0.7,0.15136758017934934,0.28910433296786053,0.6530444894246299
689,500.0,0.9,10.0,1.0,1.0,0.9,0.14873005107801213,0.2854097824716777,0.6590912842532736
690,500.0,0.9,10.0,1.0,10.0,0.5,0.1565919529187215,0.29409966372649865,0.640998518966781
691,500.0,0.9,10.0,1.0,10.0,0.7,0.1501784083367533,0.2868118216493361,0.6556434466860592
692,500.0,0.9,10.0,1.0,10.0,0.9,0.14491577833878572,0.28076922696948914,0.6678999982715854
693,500.0,0.9,10.0,10.0,0.0,0.5,0.16986335875636996,0.31339917043620036,0.6104658353467868
694,500.0,0.9,10.0,10.0,0.0,0.7,0.16669088645080668,0.3107344838155487,0.61780692852558
695,500.0,0.9,10.0,10.0,0.0,0.9,0.16539372904756516,0.30852916939629293,0.6207357006840698
696,500.0,0.9,10.0,10.0,1.0,0.5,0.17024115873516663,0.31344242271529704,0.6096254335939906
697,500.0,0.9,10.0,10.0,1.0,0.7,0.16513900077375437,0.30715244939206354,0.6214154578500154
698,500.0,0.9,10.0,10.0,1.0,0.9,0.16639617970707568,0.3088492593069042,0.6184074280811027
699,500.0,0.9,10.0,10.0,10.0,0.5,0.17386507155857492,0.3148227736797991,0.6012223622624131
700,500.0,0.9,10.0,10.0,10.0,0.7,0.1692763769510631,0.31210141395625784,0.6117818834905933
701,500.0,0.9,10.0,10.0,10.0,0.9,0.16612973689016333,0.30790819655528984,0.6189648394422197
702,500.0,0.9,50.0,0.0,0.0,0.5,0.2105961718989356,0.3439672925667834,0.5171646973716953
703,500.0,0.9,50.0,0.0,0.0,0.7,0.1860833181499767,0.3195271253538356,0.5733129773164489
704,500.0,0.9,50.0,0.0,0.0,0.9,0.17896848189583162,0.3120461376185821,0.5893098890687587
705,500.0,0.9,50.0,0.0,1.0,0.5,0.19895032416538724,0.3335510649699157,0.5440881388156125
706,500.0,0.9,50.0,0.0,1.0,0.7,0.17268485118702953,0.3119703200184826,0.6041213085211958
707,500.0,0.9,50.0,0.0,1.0,0.9,0.16962175070239843,0.30706065840023045,0.6108834517631138
708,500.0,0.9,50.0,0.0,10.0,0.5,0.18179879897037332,0.31725089553780145,0.5829231937103528
709,500.0,0.9,50.0,0.0,10.0,0.7,0.17073651172112947,0.3071620543357926,0.6082970983977247
710,500.0,0.9,50.0,0.0,10.0,0.9,0.167244757138544,0.3031686708211164,0.616207750281851
711,500.0,0.9,50.0,1.0,0.0,0.5,0.17359439935699758,0.3121794485913031,0.6020098953525813
712,500.0,0.9,50.0,1.0,0.0,0.7,0.15946411950358236,0.29563628177288187,0.6342488297950732
713,500.0,0.9,50.0,1.0,0.0,0.9,0.15673077953658038,0.29355179320289915,0.6405355186351961
714,500.0,0.9,50.0,1.0,1.0,0.5,0.16432150112509417,0.30126882366310104,0.623288462006306
715,500.0,0.9,50.0,1.0,1.0,0.7,0.15512937459213705,0.29272948043232405,0.6446619101678893
716,500.0,0.9,50.0,1.0,1.0,0.9,0.14979223613617831,0.2884982376378716,0.6565402730303511
717,500.0,0.9,50.0,1.0,10.0,0.5,0.15494497452475214,0.29200202399392394,0.6451211753356653
718,500.0,0.9,50.0,1.0,10.0,0.7,0.1478511886357054,0.2861412732543157,0.661023226991398
719,500.0,0.9,50.0,1.0,10.0,0.9,0.14662583241749094,0.28395129728507273,0.6640083527915441
720,500.0,0.9,50.0,10.0,0.0,0.5,0.16986335875636996,0.31339917043620036,0.6104658353467868
721,500.0,0.9,50.0,10.0,0.0,0.7,0.16669088645080668,0.3107344838155487,0.61780692852558
722,500.0,0.9,50.0,10.0,0.0,0.9,0.16539372904756516,0.30852916939629293,0.6207357006840698
723,500.0,0.9,50.0,10.0,1.0,0.5,0.17024115873516663,0.31344242271529704,0.6096254335939906
724,500.0,0.9,50.0,10.0,1.0,0.7,0.16513900077375437,0.30715244939206354,0.6214154578500154
725,500.0,0.9,50.0,10.0,1.0,0.9,0.16639617970707568,0.3088492593069042,0.6184074280811027
726,500.0,0.9,50.0,10.0,10.0,0.5,0.17386507155857492,0.3148227736797991,0.6012223622624131
727,500.0,0.9,50.0,10.0,10.0,0.7,0.1692763769510631,0.31210141395625784,0.6117818834905933
728,500.0,0.9,50.0,10.0,10.0,0.9,0.16612973689016333,0.30790819655528984,0.6189648394422197
